{"20%": 8.517393171418904, "40%": 8.805025252619144, "60%": 9.036106025364846, "80%": 10.123927726990317}